key,cost,relative_cost,scaled,relative_scaled,average_duration,fastest,direct_cost,cheapest
530330020003,7.791428241605639,3.8032072099089356,0.44311930437544766,0.910584344503906,22.206326932545547,13.736,2.572941412457438,0.7602610316967059
530330028001,7.489260103649283,2.5409368656132356,0.5095145162524692,0.5573345006689894,22.81639027086788,17.166,2.127408389995331,0.9143132380360472
530330103001,8.092528759521871,2.6878948016632984,0.3769586799676664,0.5984610851558901,25.18924436319318,18.675694444444442,2.173056334171474,1.015845763414129
530330104023,8.16392090546561,3.262044847872901,0.36127172935683005,0.7591385621146929,23.468051434223543,16.700666666666667,2.6489288184230766,0.977219390926041
530330080012,6.107970997925746,2.8574966101072263,0.8130242888519286,0.6459246199031676,18.593115942028987,12.046,1.7385887515489349,0.41966438781852083
530330022001,8.728671717720886,2.32443788114192,0.237179394238344,0.4967466616212596,25.537152161042037,20.001388888888894,2.727440959876008,1.7039074476900768
530330056001,9.174373436150548,2.4894751627076057,0.1392456404374579,0.5429328009086771,29.836038961038962,24.51742424242424,2.1629042803063934,0.9233035764732471
530330080021,5.97798068505711,3.0725147124032883,0.8415869772387499,0.7060980299820871,17.9671866874675,10.65,1.7556918135022481,0.40271597265382225
530330042002,8.640073835539074,3.254303731609787,0.2566469502788371,0.7569721893377275,25.00529473135107,18.930555555555554,2.7638295736715714,0.937089548373731
530330069004,7.678952154235546,2.8846965275523067,0.4678336031845245,0.6535365919606736,23.82552954292085,17.211333333333336,2.0799527116491476,0.7495922933499068
530330049004,7.51731915339321,3.340938701766942,0.5033491191811043,0.7812172251313342,23.225943646996278,15.618666666666666,2.059222396349085,0.5059937849596022
530330082002,5.5821403015472875,3.011154612713644,0.9285647317775562,0.6889262365299041,16.77354272778721,9.269333333333332,1.6403577605172939,0.3926923555003108
530330004011,8.227607951282604,2.88469331351137,0.34727781547352155,0.6535356925024363,24.793800623052963,18.295652173913048,2.401064804865157,1.0434363769016672
530330084003,5.502557444007089,2.672713010611606,0.9460514222138704,0.5942124189788066,15.772444444444444,9.997333333333334,1.7960329995626456,0.4804711000621504
530330087002,6.813466001380219,3.4693327819892925,0.6580063225324444,0.817148663268051,21.21563349646547,12.09,1.8277921297108337,0.502983219390926
530330077002,7.04250785801884,2.5421114088785863,0.6076791017239285,0.5576631998473687,21.29537712895377,16.694666666666667,2.0380942327147027,0.5771497824735861
530330032007,7.629434307376123,1.059961999524453,0.47871412803456725,0.14287959207236875,24.81170454545454,23.747333333333337,1.798683739194305,0.9888489745183344
530330044002,7.221801539665107,3.188110400241034,0.5682830156189316,0.73844780264466,20.620091324200914,14.687333333333333,2.376080078477892,0.5821678060907395
530330041003,9.283286382895815,3.515730546800241,0.11531426824113711,0.8301332059595786,27.677539682539685,19.248611111111114,2.779064557498989,1.2441322249844624
530330072001,6.422072858148303,2.938955190860132,0.7440068878066357,0.6687210288182749,19.345252373813093,12.350666666666665,1.8759385503022261,0.580711000621504
530330105004,7.527375198195072,2.4880156021726982,0.5011395108822938,0.542524338859835,22.563554757630165,17.266000000000002,2.224939830151984,0.9818495960223741
530330005003,7.909505358745943,1.5300890640400278,0.41717429487384783,0.27444595016133805,25.033946360153255,23.05454545454545,2.0265279641099276,0.9615981128877337
530330060003,7.334375563044203,2.7708282728018183,0.5435471973931748,0.62167024622092,22.455189620758485,16.866,2.0574060021659606,0.6000372902423865
530330053023,7.420127048821062,3.2628167028504804,0.5247050782159826,0.759354567863006,21.885895404120443,14.698666666666668,2.2769416288527586,0.7031236793039156
530330011001,7.803829170602366,2.5207580021747718,0.4403944561708083,0.5516873899762473,22.0175911251981,17.874000000000002,2.629695256180814,1.0826811684275948
530330046003,7.204712578243478,3.487650168879483,0.5720379621927865,0.8222748346050113,21.43189828801611,13.316666666666668,2.1682164805596917,0.5876457426973275
530330044004,7.300451263238571,3.7009715242702677,0.5510013621128841,0.8819734053739324,20.934976525821597,12.86,2.3807317796704957,0.5773797389683033
530330046001,8.0474349602224,3.4721742351343536,0.38686711167419097,0.817943851782376,24.666693635382956,15.882666666666669,2.250761955907406,0.8428340584213798
530330078004,7.597276503654347,2.3761657806379803,0.4857801416985076,0.5112228572329748,23.326356589147284,19.401333333333334,2.115582705204735,0.6617973896830329
530330078003,6.9443397706509895,2.739024059028865,0.6292495128348834,0.6127697491131815,21.00045112781955,15.451999999999998,2.0092337556133963,0.5740957116221255
530330051001,7.197002250048654,3.728089714312171,0.573732147680373,0.889562505791825,21.509873737373738,12.298,2.142181921765825,0.5788825357364823
530330114023,7.301712425794561,1.4215921692665177,0.5507242476703005,0.24408279435361716,23.116091954022988,19.266666666666662,1.8694308165991587,1.3524535898613776
530330100012,7.756249874127794,3.6897108271006553,0.4508490245834619,0.878822068154759,22.533539731682147,13.750666666666666,2.4608680371824896,0.8351323803604724
530330052002,6.91269191843425,3.2810963476863755,0.6362034751804653,0.7644701769817804,20.738140020898644,13.089333333333334,2.039229013523071,0.5556022374145432
530330075005,5.818511354733859,2.982217457903531,0.8766270712946899,0.6808280937953516,16.55594425483504,8.831999999999999,1.9278644548476258,0.7607738968303295
530330083002,5.748821983030265,2.575919331279696,0.8919398724097597,0.5671244403514688,16.505080080080084,11.446666666666667,1.8701281642114458,0.482935985083903
530330010002,8.196903718751729,2.4073814295451816,0.3540244368684723,0.5199586428366737,23.430735212824764,19.455333333333332,2.6906809437379087,1.2175189558732133
530330113003,8.201457803208402,2.735007668117593,0.353023770800727,0.6116457510183214,24.526927536231884,17.79652777777778,2.4376298321939096,1.284266107313031
530330098001,7.6939735353925425,3.0287818511165963,0.4645329647010973,0.6938592679056496,22.83631067961165,14.547999999999996,2.3274405256838056,1.2464116842759478
530330104012,8.243956298831508,3.707763621789178,0.3436856035126912,0.883874192632945,25.385849056603774,16.346527777777776,2.2782817705296217,0.6947586492645536
530330117001,8.424276770506566,3.009842578720778,0.30406390149075535,0.6885590601915067,23.441511562323747,17.127083333333335,2.9155215533604864,1.3895696084524551
530330054004,7.168321594878581,3.243070424379307,0.5800341297148384,0.7538285172687058,21.278840361445784,14.653333333333332,2.1677941099388227,0.48171783716594163
530330047004,7.562496806634081,2.3721934090786645,0.4934222623016159,0.5101111780753965,23.578907203907207,19.166666666666668,2.0214536137158885,0.6861367308887507
530330034002,8.311941242977909,2.9285264532534434,0.3287473151756868,0.665802517781708,25.856877022653723,19.168666666666667,2.2355751426542847,0.8787781230577998
530330081003,6.087756744070927,2.8984856854423793,0.8174659539351627,0.6573955258992674,18.994609460946094,11.853333333333332,1.6240235207485947,0.40373772529521446
530330001004,8.447870641673731,2.417327987851482,0.29887963525495076,0.5227422146636391,23.282903918411165,19.261999999999997,2.9763882208471073,1.5039726538222498
530330097014,8.238427233100346,2.984012070755957,0.34490050159289676,0.6813303211610887,25.82828810020877,17.655303030303028,2.1687795295512844,1.1054189502231766
530330045001,7.294665036507505,3.677676743571933,0.5522727660152807,0.8754542966259196,20.910708898944193,12.975333333333333,2.3806484452556185,0.5677849596022374
530330014002,7.824371461222561,3.3637403306256464,0.4358807117787237,0.7875983239743188,23.61684717208183,15.076086956521738,2.2744123757833306,0.9177506958143055
530330100021,6.921847204229296,3.162364736858258,0.6341917900826652,0.7312428076049751,19.63841975308642,12.846000000000002,2.3068185622539876,0.740672467371038
530330264004,8.687226711147863,3.3698738946045568,0.24628607905055222,0.7893148188024616,26.177410468319557,17.31818181818182,2.5355352510927687,1.2475800892705802
530330058022,8.017975475820151,2.2394279825531136,0.39334022535819446,0.47295640659655375,25.655174385363065,21.416666666666664,1.9890094952598323,0.7456308266003728
530330074023,5.712466889753224,2.7808862682491835,0.8999281538257395,0.6244850040397425,16.698852373500262,10.428000000000003,1.7882365819806625,0.48100062150403977
530330024001,8.989023325349786,3.352756139036685,0.17997250185070024,0.784524367605948,26.879268292682926,18.936111111111114,2.672395276569298,1.1862810752019888
530330102003,8.441220545426553,2.378005152843169,0.30034085665413657,0.5117376106272643,25.052454337899547,20.086666666666666,2.5538937760201605,1.3428487259167183
530330113001,8.911225899126867,2.9608870848484865,0.19706688060450417,0.6748587299544866,27.431277672359265,20.60434782608696,2.46487564612244,1.108317075147945
530330025002,7.89036860850184,3.3172765865420306,0.42137920077719104,0.7745953168010172,22.882233883058472,16.235333333333333,2.513043645983099,0.7577886886264761
530330068002,7.7139770449224265,3.4713379398882442,0.460137606333722,0.8177098122468494,24.638243789716928,15.568,1.9239897543389493,0.5841591050341828
530330075002,6.3453679395466995,3.386244048931411,0.7608612105588867,0.7938960517258583,18.800420875420876,9.836,1.927269033822794,0.647663890615289
530330070004,7.3391473923852235,3.1288711234811424,0.5424986863811243,0.7218695273497577,23.485652173913042,15.25666666666667,1.8200191315156593,0.6249596022374145
530330056005,8.021427320114677,1.7533499180015637,0.39258175381698035,0.33692611707072345,24.771612903225805,22.276,2.2000982878566133,1.0332174021131137
530330085003,5.834537576289938,3.138282614616021,0.8731056398724344,0.72450335915027,17.265618609406953,9.793333333333333,1.7771172030793045,0.3948216283405842
530330043022,8.573080704750788,3.7433986372140184,0.2713673081004009,0.893846750168473,24.76905852417303,17.718666666666664,2.752351951570128,0.6657954008701057
530330027002,7.485412167078477,3.771087895274042,0.5103600208964596,0.9015956655492472,22.28031358885017,12.641333333333332,2.2495384736986854,0.7436109384711002
530330080022,7.886806729264133,3.3968168452782197,0.4221618502261614,0.7968548779989199,23.074353549600374,16.919333333333334,2.4643336451080446,0.5139465506525792
530330029003,8.246832234779141,3.402709556787288,0.34305367594455205,0.7985039695978388,25.471201814058954,17.18888888888889,2.2610998084752856,0.8047337891029626
530330074012,6.0466228246931975,3.1767831603053795,0.8265042837567244,0.7352778432485346,17.439264140582097,9.388,1.9483957516564054,0.6636596643878185
530330089002,7.1521774295572715,2.5099019789668433,0.5835814768452655,0.5486493018834714,21.922642967542505,17.28,2.0003563321847837,0.5814754505904288
530330001002,8.102323647883432,2.529672641046888,0.3748064554066123,0.5541821762980925,22.32144444444444,17.898000000000003,2.8567842034389894,1.3666210068365445
530330068001,7.422189471230906,3.275065189068071,0.5242519034576918,0.7627823405767761,23.778333333333332,14.878,1.8342811378975719,0.6507942821628341
530330117003,8.486171714024703,2.4586448384786364,0.29046376510047667,0.5343048494809345,25.150000000000002,19.242753623188406,2.5759217140247044,1.505479774096793
530330085002,5.87742246827391,3.3432573657257434,0.8636825699589208,0.781866109647281,17.61959852086635,9.11,1.7368168158703174,0.39331510254816654
530330102001,8.24266619877418,0.9464201716524332,0.3439690763739538,0.11110459779655767,24.817234468937873,24.161805555555556,2.410616098573779,1.61822172156619
530330065003,6.402242956130603,3.4698777230665883,0.7483640995062885,0.8173011665343471,18.77792929292929,9.924,1.98942957229222,0.600225233064015
530330106001,7.618666820243686,2.8326895828291425,0.48108006110208523,0.6389823047710783,22.968251066422912,15.324999999999998,2.221127819634301,1.1846022374145433
530330063001,7.996367770614909,2.6555776628875423,0.39808807261628454,0.589417044568771,24.290631808278864,18.46333333333333,2.288069295669376,1.0019067743940335
530330017024,7.8320376014137745,3.4923586217612765,0.43419623569293564,0.8235925081546703,24.50958164642375,14.782608695652174,2.072285914504193,0.8657659361742374
530330049003,7.183148652306636,2.931937148266859,0.5767761898602045,0.6667570102058564,21.955675398048278,15.994000000000002,2.02356493376529,0.4926215040397763
530330063002,8.047147876259839,2.706623316491867,0.3869301924498467,0.6037023117824597,24.73274987316083,19.356666666666666,2.234951656067043,0.7917078931013052
530330062001,7.835214422182103,3.4630164399985537,0.4334981948954013,0.8153810175082344,22.967484367484367,16.16133333333333,2.4378555958232777,0.5742846488502175
530330103002,7.94830902421162,2.8793401512056125,0.4086479902554211,0.6520375952389796,23.316856987493203,17.283333333333335,2.4688476321507182,1.0073855396726745
530330074013,6.40378744802926,3.1266059771363657,0.7480247292882793,0.7212356198859791,19.231968967362224,11.434666666666667,1.8842747406991371,0.5900348042262274
530330110011,8.126891922832282,3.0689252205867597,0.3694080840504722,0.7050935007785251,24.25445225541886,17.184782608695652,2.427095642808849,1.019542789202043
530330039001,8.143800189771213,3.097818627724391,0.3656928413598425,0.7131794006060471,23.830982905982903,17.400000000000002,2.5435192068652293,0.95698156204682
530330049005,7.091876169901377,3.418153284050951,0.5968314340988086,0.8028259393476407,21.317791104447778,13.479333333333335,2.0821952603561487,0.5060795525170912
530330060002,7.2206067724361445,3.0159678766416556,0.5685455410587321,0.6902732417404678,22.511873990306945,15.443333333333333,1.9303163847140128,0.5754555624611559
530330058023,8.072156994391982,2.2342988671908213,0.38143495490272683,0.4715210094893263,25.054280648429586,21.510666666666665,2.1844010420110287,0.7828514605344935
530330059001,7.921989778915312,2.935563704749163,0.4144311012071923,0.6677719120585552,24.172142170989435,18.761333333333333,2.241536368732795,0.5775127408328153
530330079004,6.225811685493629,3.518253639087993,0.7871312298692057,0.8308393003082711,18.540673981191222,9.468666666666667,1.8687532999136909,0.4824213797389683
530330091002,6.031728852614176,3.079193565686478,0.8297769267248586,0.7079671255288098,17.79248366013072,10.880666666666666,1.850495192483457,0.39557862026103163
530330092001,5.722602598634809,2.7738227726559406,0.8977010409895946,0.6225082652796841,16.97577209797657,10.875999999999998,1.733296155610315,0.3929198259788689
530330026003,7.5318761775997904,3.761578475093058,0.5001505135536821,0.8989344280345787,21.95508064516129,13.191333333333334,2.372432225986888,0.6703343691733995
530330090002,6.570277195939507,3.245621204640564,0.7114420433617792,0.7545423601732929,19.959306666666667,11.926000000000002,1.8798401292728406,0.5220459912989434
530330039002,8.367869656711733,2.688755192241047,0.3164582005624865,0.5987018678365577,24.437680041152266,19.749333333333333,2.62501484704095,1.0380211311373524
530330053021,6.684133118814196,3.012399321424513,0.68642455417895,0.6892745717020972,19.61925708699902,13.232000000000001,2.0736077033694267,0.562213797389683
530330006005,8.124709363755619,3.129634725004842,0.36988765636179943,0.7220832233461962,24.47146513115803,16.631249999999998,2.3739150579334813,1.086730888750777
530330096001,7.7317637965184165,2.7989723558532176,0.45622933477072125,0.6295464456323313,24.09065420560748,17.24166666666667,2.0704600582006587,0.8809997739985309
530330069001,7.540696962407904,3.115595021243621,0.49821232814400507,0.7181541734532376,23.74155211912944,15.939333333333334,1.9614322144124867,0.6793586078309509
530330041002,9.145959964617798,2.6584756834908037,0.14548891438201617,0.5902280636425841,27.104555028962608,21.841666666666665,2.776389532811584,1.3546926144603273
530330064003,6.6312730553126,3.255119896000399,0.698039462156204,0.7572005951977162,20.035967578520772,12.073333333333332,1.9228206743602194,0.5389198259788689
530330033005,7.766390465862071,1.4527751644326101,0.44862083884121473,0.2528094417176359,25.627364864864862,23.348000000000003,1.7439597226188275,0.8268353014294593
530330060004,7.464861373083468,2.563153730655459,0.5148756337296587,0.5635519517420761,22.84239980449658,18.448666666666668,2.096897419026772,0.5662709757613424
530330119002,9.196866435835885,2.7202243432416484,0.13430326798893244,0.6075085967015873,26.444067278287463,20.23174603174603,2.9825106254383313,1.7221817751339195
530330030002,7.320245946088116,1.4734987881742976,0.5466518890985459,0.2586090050865506,23.72434750186428,21.064583333333335,1.7450242831500105,0.8965700745804849
530330027003,7.4211348898448835,3.3114459484734304,0.5244836259517975,0.7729635966259385,21.748697916666664,13.682666666666666,2.3101908794282164,0.8942622747047855
530330063003,8.424381870627196,2.3167079012880594,0.30404080790840515,0.4945834053991966,26.310038824181916,22.11666666666667,2.2415227469444443,0.9102573026724674
530330024002,8.533789409258391,3.3418063927194788,0.28000075935301827,0.7814600508420592,25.081737012987013,17.581944444444446,2.639581211206444,1.0602260720944685
530330114022,7.8382214395985725,2.1479486961536383,0.43283746487987196,0.44735567551641825,23.954583333333332,19.309420289855073,2.208894356265239,1.1525589753289918
530330033002,8.255716145792116,3.155715074733487,0.3411016198542166,0.7293818812845987,25.888936049801924,18.519333333333332,2.171816174088663,0.7479577377252952
530330012002,7.7967072430101965,2.933237655274544,0.44195935276994347,0.6671209606855988,23.5839863713799,16.526666666666667,2.254470445735921,0.9797029210689868
530330008002,8.380629411130261,3.1519728529115465,0.3136545078771932,0.7283346101669891,23.92491408934708,17.15434782608696,2.7582746001336984,1.1973848190882805
530330073001,6.519670018349167,3.1289584894492286,0.7225619261572775,0.7218939769573418,19.75952380952381,12.39,1.8761819231110715,0.4790615288999379
530330118006,8.292740681816193,1.894557360642721,0.33296624221118365,0.3764434100870216,24.47676056338028,21.19855072463768,2.5407019494218264,1.4165239008836166
530330057003,8.726542269235996,2.7068625262144046,0.237647296593277,0.6037692552843109,28.069086021505374,21.893478260869564,2.1303070541822318,0.8747123517172426
530330118003,8.699114438486212,2.713182538496573,0.24367399631838815,0.6055379281853259,23.884015421115066,18.197916666666664,3.0863708145241735,1.709421483322975
530330005002,8.188480898869802,1.9399620314745971,0.35587517769920574,0.3891500326843269,25.127415966386557,21.378472222222218,2.283538146768963,1.2245778951729853
530330052001,6.548428268245498,3.0453651047899353,0.7162428942831922,0.6985001372700094,19.21053639846743,12.561999999999998,2.0339522146056512,0.5509931634555625
530330071001,6.986241736101638,2.7937495111171744,0.6200424207404771,0.6280848181008609,21.953712737127372,15.026000000000002,1.8271192428767047,0.6613822249844624
530330119004,9.292973764653713,2.258787613403799,0.11318566603741265,0.4783742527858518,24.250468319559232,19.029861111111114,3.594113709557294,2.5621687901388026
530330105005,7.676807734679779,1.991591704018914,0.46830479512329504,0.4035987392121698,23.267458920187796,19.657333333333334,2.208954888435648,1.0657426973275326
530330059004,7.838689993114159,3.1530973739062325,0.4327345099152833,0.7286493104746982,24.04937248995984,17.461805555555554,2.1870874579735973,0.5820683136523721
530330084002,5.873835351197019,3.2702998135960253,0.8644707649021687,0.7614487370829428,17.634799131378937,9.032,1.7296575553229696,0.4810155376009944
530330097011,7.499603150131743,2.065989336078546,0.5072418452577662,0.4244191221242127,22.01386883273165,17.926811594202896,2.326343974439805,1.220813089415516
530330032002,7.352210493870147,1.4388308973298554,0.5396283394387613,0.2489071000372656,23.529034531360114,21.962499999999995,1.8228873790005216,0.7521920965402943
530330017023,7.630737989727593,3.0415377438281697,0.47842767074449155,0.6974290397288578,23.3277358490566,15.343478260869563,2.148720065199292,0.9834828545950767
530330035001,7.683990784556392,2.560866431956433,0.4667264681636545,0.562911844880748,23.011393323657472,17.78333333333333,2.276313353496885,0.9440410192666252
530330040002,8.495132695165076,2.220722376126334,0.28849477444029337,0.46772159094952676,24.627960354720916,21.191333333333333,2.707562011805659,1.294446985705407
530330099002,7.705273881078838,2.720023595186981,0.46204994696402013,0.6074524168037692,22.147074729596856,17.753999999999998,2.5007113196235777,0.8130602858918583
530330104021,8.180385371583425,3.2451435567916285,0.35765400273704895,0.7544086891029022,23.531078568107855,16.912,2.650581908078079,0.9609218147917962
530330050003,7.456683794345324,3.5486837839869234,0.5166724878805704,0.8393552604447021,22.420223577235774,14.156666666666668,2.1879312536949174,0.581183343691734
530330028003,7.5997083291714755,3.2048757122941884,0.4852457982314904,0.7431396215496862,22.76502976190476,15.14722222222222,2.249926335123857,0.8352353946550654
530330057001,9.80808774626466,1.7621326548641036,0.0,0.3393839902507089,32.54666666666666,30.28015873015873,2.1596210795979927,0.9301177898132529
530330075001,6.338164509850181,3.49544090098339,0.7624440155633332,0.8244550925121241,18.912235228539576,9.574666666666666,1.8937892311433806,0.5926769422001242
530330100013,7.6351318220671445,2.7232401522929583,0.47746221677204537,0.6083525791980672,22.154461942257218,16.988666666666667,2.428833265636699,0.9195550031075201
530330030003,7.701096360082236,2.6078500092604706,0.4629678709832964,0.5760603288172199,24.17923976608187,18.424305555555556,2.0189750150529973,0.7635345452662109
530330063004,8.330133891127806,3.380256101610507,0.3247498562222514,0.7922203081218355,25.642896174863385,18.255333333333333,2.30405329003491,0.6598744561839652
530330034003,7.912346109218097,3.2366763785365134,0.4165500985877535,0.7520391258711756,24.54314618108245,17.04866666666667,2.1447067566637212,0.6692330640149161
530330050002,7.148175757389094,3.099229061718907,0.584460761713834,0.7135741144568113,21.051331360946747,14.793333333333333,2.2011128875666097,0.5725133623368551
530330034001,8.263013441883425,3.2916817161738727,0.33949818964682055,0.7674325216031538,25.77615629984051,18.058666666666667,2.2056167114209044,0.7275450590428838
530330047001,7.945978435427799,3.154754671184998,0.4091600890397158,0.7291131096977074,24.671524422973697,17.504666666666665,2.1481701960289796,0.6776270975761343
530330016001,7.0074833640613265,1.1346539891168184,0.6153750114016405,0.16378235175333403,23.46908752327747,21.545238095238094,1.4922477960911216,0.8096984225635563
530330073003,6.323930473492963,2.9106406682308945,0.7655716512769941,0.6607971314200363,19.249648064353945,12.428666666666665,1.8002631783697847,0.4925531385954009
530330008001,8.277705506672067,2.8235922310868187,0.3362699116385889,0.636436385747622,23.61918445539135,17.98125,2.727197159655101,1.2285195255852495
530330110013,8.550094290695473,3.0102117819809058,0.2764180981731651,0.6886623827440589,26.321282973621102,18.991304347826084,2.364592791894514,1.076925986975437
530330079003,6.667870304233,3.7237011764103367,0.6899979720354388,0.8883343613333164,20.444231791600213,10.470666666666666,1.863475833206951,0.48356246115599755
530330115001,7.944485097024844,3.5831401968107714,0.4094882193327998,0.8489979827855546,23.489737136465322,13.911111111111111,2.424396869955494,1.0922337891029625
530330077004,7.0473875638187415,2.9221678724990796,0.6066068870864976,0.6640230513871742,21.32291978076731,15.343333333333335,2.036501415338422,0.5195363579863269
530330026001,7.83581458162694,3.7975009147531065,0.4333663222440708,0.9089874220365584,22.645115894039733,14.005999999999998,2.5142123465276036,0.7469036668738346
530330062002,7.584960999932982,3.552252574409885,0.48848621946197557,0.8403539963060711,22.96824224519941,15.372666666666667,2.1874240723111233,0.4201317588564325
530330006004,8.002365829976316,2.97176293376749,0.3967701228653776,0.6779023663272905,23.6141196013289,15.764000000000001,2.4530477236640245,1.3260628962088254
530330017022,7.850090683714203,3.360847067641569,0.4302294434544257,0.7867886363333809,24.408749999999998,15.213043478260866,2.114034433714204,0.9141783986813307
530330111024,7.73254994545471,2.1566386737883896,0.45605659476727456,0.449787589770189,22.499837925445707,18.119444444444444,2.44508803297497,1.317841827221877
530330004021,7.922251404891517,3.1666319682158734,0.41437361429861164,0.7324370040918823,22.996012621916236,15.81527777777778,2.518188438741203,1.0390291588978662
530330013002,7.505324951811276,2.859326414935368,0.5059845974307774,0.6464366958405534,22.28280507131537,15.554166666666667,2.268865760052163,0.9907693702092398
530330097021,7.63337624360339,2.5719030628538015,0.4778479689061256,0.56600047653448,23.372318007662834,16.921739130434784,2.1408815118026236,1.084864485097414
530330111011,7.920714237706339,2.3523639295439187,0.4147113750620083,0.5045618434335493,23.353730936819172,18.070833333333333,2.4325874675538333,1.3217044748290865
530330007001,7.997099890735002,2.6783768743687286,0.39792720433009876,0.5957974669019772,22.9070645905421,17.253333333333334,2.6139397119576087,1.2641896830329395
530330100011,8.216114484295794,3.5744203844408107,0.34980326763056213,0.8465577191986943,25.04180151024811,15.862666666666666,2.3312911293874867,0.9139674331883156
530330119003,8.754895264671136,1.9452167397937092,0.2314173110230039,0.3906205773275666,24.11936936936937,20.150694444444444,3.086843462869333,2.0742653304329814
530330081001,6.009996817256024,2.635531872155547,0.8345520929680044,0.5838071746406489,18.593489148580968,12.348666666666666,1.640526867339496,0.47252827843380985
530330107011,7.861317956568849,2.4648059019800765,0.42776248196395583,0.5360290401264456,23.14419595314164,18.97083333333333,2.4224319075805623,0.9383662212554382
530330084001,5.892591707835518,3.1610707859378584,0.8603494426427252,0.7308806918643757,17.534744408945688,9.575333333333335,1.7719267717332814,0.4813175885643257
530330106004,7.9937954216824645,1.82736706081305,0.3986532932035588,0.3576400190152812,24.279059040590408,20.886805555555554,2.288216547143719,1.2580290553138596
530330018003,7.601643550139625,3.1241506912210424,0.4848205733647055,0.7205485013379773,22.702825342465754,14.574000000000002,2.266479594660174,1.052602858918583
530330029002,7.657821223652088,2.933710888039906,0.47247668905961415,0.6672533961826516,23.398856209150328,16.222,2.159090014501761,0.9119403356121815
530330094004,6.681131499593981,3.135456233383083,0.6870840980522657,0.7237123885522003,19.613065693430656,13.091333333333335,2.0720610616377764,0.4692119328775637
530330097013,7.936962745973074,2.3221097975955773,0.4111411007228548,0.4960951410077107,23.732706766917293,19.448484848484846,2.3597766557475106,1.0444590089835584
530330024003,8.578622984234418,3.728815469214737,0.27014950657080883,0.8897656103067592,24.856594538897475,16.158333333333335,2.7373232675935113,1.0525991816863476
530330104013,8.575867069958544,3.7283786837973683,0.27075506185370213,0.8896433747007559,25.964343786295007,16.525333333333332,2.4742462801792184,0.9640350528278434
530330059002,8.20802061369836,2.7967748023766275,0.35158172864520254,0.6289314542194914,25.86186790505676,20.73125,2.130481656010021,0.539402061321732
530330099001,7.980926524937104,2.8546772728136327,0.40148096766258845,0.6451356205709877,23.941737168640724,17.038666666666668,2.354618290306535,1.1221625854568056
530330062003,7.609891868070731,3.419935841553224,0.48300817573612453,0.8033247929903253,23.676854838709673,15.958666666666666,2.0458309809739568,0.43966935985083905
530330013003,7.405717732046093,2.971485729767244,0.527871228183837,0.6778247900218344,22.179461834157056,14.675000000000002,2.1935442010191846,0.9856070022788481
530330111023,8.021327607796886,2.4540481079349967,0.3926036635408555,0.5330184417363257,23.734871364653237,18.106944444444444,2.443632837103374,1.3121475554174438
530330036003,7.8290256684173425,3.9415254467475673,0.4348580458057092,0.9492930852927346,23.69280432309442,13.372666666666667,2.2612166524901527,0.7449235550031075
530330061002,7.377039603535134,3.5778420191141675,0.5341726550371098,0.8475152731169064,22.49519592055824,14.425333333333334,2.0906685622039474,0.409244251087632
530330074014,6.096729887050133,3.2005536326478135,0.8154942909619037,0.7419300756176094,18.04903536977492,10.257333333333333,1.855206575153028,0.48570292106898694
530330036004,7.552316891426101,3.9099326320517496,0.49565908856561314,0.9404517488008834,22.735373563218392,12.489333333333335,2.2095041040697803,0.7073909260410193
530330003001,7.701096611264392,2.3236870504605798,0.46296781579120183,0.4965365395803446,21.614260808926076,16.96333333333333,2.621745321166763,1.3910262274704785
530330089003,6.555466456739496,2.918269852223233,0.7146963976225917,0.6629321796417269,19.370411706349206,13.124666666666666,2.0034197057474326,0.552899937849596
530330002002,8.330678807410353,3.088191133907139,0.3246301221156722,0.7104851198580007,24.031177899210682,16.816666666666666,2.6833520010958396,1.2905710068365446
530330070006,7.095059317659474,2.7258140783804192,0.5961320030758552,0.6090728995260755,22.219630872483222,15.665999999999999,1.8734460626259173,0.6877352392790553
530330021001,8.474848040525346,3.0579609988845777,0.2929519086430119,0.7020251330381514,24.368851626016262,18.23,2.748167908411527,1.1328370416407707
530330059005,7.5463732387560825,2.9193008666823297,0.4969650835689855,0.6632207118870683,23.311890243902436,17.038666666666668,2.068079031439009,0.6229857054070851
530330033003,7.940245436736815,2.478895950513487,0.4104197971788762,0.5399721791430172,25.27642354446577,19.959333333333333,2.0002859037873577,0.7709061528899938
530330053013,7.0403357086534974,3.558196742421884,0.6081563867160387,0.842017488149523,20.496257404415722,12.448666666666666,2.223715218615803,0.5567022995649471
530330002004,8.502160662109686,3.441244355735218,0.2869505237542085,0.8092880395651653,23.98405420991926,15.89782608695652,2.865907922778661,1.324927175939687
530330070002,6.991055541173551,2.656861818364353,0.618984686427899,0.5897764190274145,21.8957320367369,15.58,1.84555851254038,0.6728937228091982
530330116002,7.893404620932212,3.186428254659165,0.4207120997057838,0.7379770495553649,23.323712255772648,14.269333333333332,2.4123322408256396,1.353683032939714
530330067003,7.160671311284197,2.853177841219975,0.5817151216407368,0.6447160004961802,22.243338861249306,15.417333333333334,1.9334866788906104,0.6844201367308886
530330112002,8.269720808412428,2.682290257172873,0.3380243842852032,0.5968926378934193,24.514840534979424,18.531944444444445,2.5087332826922637,1.2324236067951109
530330104011,8.016090548096896,2.5391496987080417,0.3937543993224145,0.5568343570721603,24.055958702064896,19.010666666666665,2.3629402531116455,1.0094341827221875
530330004024,8.051698372502132,3.1263700802571224,0.38593031481815454,0.7211696034924779,23.540338983050844,16.62222222222222,2.519718711485184,1.0191060700227885
530330080011,6.4889387690281835,2.79605732092377,0.729314483934256,0.62873066505232,19.820420660276888,13.15,1.8311399138631144,0.6026314481044127
530330018001,7.442415192828412,3.36072250585928,0.5198077185746846,0.7867537773744104,21.873375931842386,13.213333333333335,2.3021718488454517,0.9765593536357986
530330025001,8.616969053567459,3.579061065168867,0.2617237492582163,0.8478564265238578,23.763440040650405,16.921333333333333,3.032560644014613,1.061394655065258
530330077003,6.9832641177421735,3.0345338815706357,0.6206966909199959,0.6954689895225801,21.759756097560974,14.530000000000003,1.8697214348153426,0.5341802361715351
530330078002,7.004407600700384,2.7380652231884706,0.6160508469196224,0.6125014162537323,21.807667210440453,15.589583333333332,1.879605806246876,0.6027902941785788
530330045002,7.198799124634471,3.464566787779281,0.5733373215757789,0.8158148866186882,21.21240913811007,13.441999999999998,2.213882977178604,0.5753623368551896
530330047003,7.945986762330622,2.749497752593726,0.4091582593746791,0.6157008411988679,25.03156342182891,18.876666666666665,2.0635693582008283,0.7604723430702299
530330107021,7.963426747928036,3.599653433239825,0.4053261824829727,0.8536192576306251,24.13321145642901,14.115333333333332,2.2921220556672197,1.0466699813548788
530330043012,7.967536699706761,3.203229484044859,0.404423105404766,0.7426789200251512,22.699459990181637,16.994,2.633163602014076,0.7707172156619018
530330104022,8.35432732687132,3.718941551027111,0.3194338480451888,0.8870023670177284,23.901916288451844,15.865333333333336,2.737376999085138,0.9070324425108762
530330067001,6.872115985157891,2.8622118335109055,0.6451191990725087,0.6472441882020853,20.237690476190476,14.572000000000001,2.1162587232531296,0.5854841516469856
530330052004,6.727678929621625,3.086389277663887,0.6768562609946649,0.7099808654093256,19.45835820895522,13.069999999999999,2.154964750517147,0.5698396519577378
530330085001,5.664901195582014,2.931638910518828,0.9103797334129666,0.6666735475479609,16.923526170798898,9.956666666666665,1.6878725454442727,0.3934456183965196
530330103003,8.11372263992473,3.064969407240522,0.3723017621689828,0.7039864554826314,24.039805555555553,16.976388888888888,2.464368334369173,1.0593018437953179
530330113005,8.173032563462987,2.67011071975399,0.3592696305671348,0.5934841606914911,24.393104410943607,18.050694444444446,2.440653026891241,1.2610086492645536
530330009001,7.9435010874547,1.1296674247242258,0.4097044351268958,0.16238684792888275,22.317865296803653,21.65533333333333,2.6988027427058414,1.7248303293971412
530330048002,7.950534618555214,3.5050515421102184,0.4081589618323894,0.8271446569881872,24.875774572649572,16.298,2.104727593982566,0.6154530764449969
530330054002,7.608242688846971,3.298023072107795,0.48337054883318653,0.7692071675840902,23.10272904483431,16.255333333333336,2.1791013633109086,0.49021628340584217
530330109001,8.208511641917768,2.6590224232864577,0.3514738353283037,0.5903810702851832,24.64984871406959,19.719444444444445,2.4157971941114136,0.9154197741868656
530330107022,8.108092738779867,2.7159624796397046,0.37353881675021017,0.6063159023959374,24.558107293550336,18.534782608695654,2.336937524795539,1.0364563460966845
530330061004,6.960293586468126,3.56406821252986,0.6257439910793807,0.8436606352836508,21.05771370763783,12.770666666666665,2.0117308651732335,0.39511870727159715
530330056004,8.84890817741474,2.8755836440136067,0.21075991377720593,0.650986326321083,28.254412698412697,21.87424242424242,2.209121193287756,0.8328775637041642
530330116005,7.545109309075131,0.6198125489772208,0.4972428060301688,0.019702552088443827,22.97679245283019,26.371739130434776,2.1455630826600376,1.5257505336828168
530330116006,8.227001445388595,1.7401644801410312,0.34741108262607356,0.33323613585063305,24.43403361344538,22.03125,2.4850035462289326,1.3094932152475656
530330041006,9.59938822372741,3.601099172556909,0.04585741273454624,0.8540238517734676,29.287909604519772,20.833333333333332,2.716729466665262,1.1024557178371661
530330002001,8.44617028224999,2.7052770277268214,0.2992532541446523,0.603325549151413,23.76210350584307,17.784027777777776,2.8620759583768685,1.5616467267453906
530330030004,7.337383032250546,1.5105458641509661,0.5428863681061451,0.26897673166940117,23.312802419354835,21.265972222222224,1.8588744637021593,0.8293336958773566
530330019002,7.50416642537028,3.37670969862489,0.5062391597053948,0.7912278374466698,21.81036522633745,14.329333333333334,2.3787305971809802,0.7600633934120572
530330038001,8.090806241719674,3.2749549634930313,0.3773371677037073,0.762751493645019,23.160673868312756,16.562666666666665,2.6480478826661753,0.9236246115599752
530330057002,8.756996097853515,1.9722537382098442,0.2309556962902075,0.3981869560446342,28.358504034761015,24.612666666666666,2.0927476496846764,1.0007656929770044
530330033001,8.24854794297798,2.797010787394804,0.3426766844783059,0.6289974952789165,26.27119496855346,19.663333333333334,2.0748171253679186,0.8306538222498446
530330032005,7.561122255720817,1.5742739221285251,0.4937242914954917,0.28681120479174643,24.1367839889579,22.222916666666666,1.8889780183157114,0.7644629169256266
530330009002,8.792333741932648,2.6184066952853176,0.22319097833636525,0.5790146465721634,25.050520020800832,20.843055555555555,2.9054615370444528,1.2758089910917754
530330102004,8.12045148678471,1.9190492851929697,0.37082323694796515,0.3832975428500148,24.46090573012939,20.90486111111111,2.372138640204304,1.28875984048063
530330086003,6.3988234206821994,3.3886555814445756,0.7491154718453885,0.7945709257633637,19.355417314670813,10.661333333333335,1.8503003517345569,0.5047545059042884
530330106002,7.722884199518554,2.836270861351302,0.45818044294571214,0.6399845354615158,23.462368583797158,16.261111111111113,2.209227582326224,1.0652522270561426
530330095002,7.41995091656542,3.0678165991840225,0.5247437796439716,0.7047832500155575,21.996604458268536,15.496666666666668,2.2507488688723134,0.7104176507147296
530330076001,6.2819522573156,3.033263396739674,0.7747954978948594,0.6951134408319528,18.751411589895987,11.620666666666667,1.875370533690044,0.5178321939092604
530330048001,7.866844427244089,4.0076507873020955,0.4265481540937296,0.9677984445685648,24.231976446492574,13.726666666666667,2.172329962318334,0.6334269732753264
530330076002,6.431372253345379,3.192593090304153,0.7419635376420091,0.7397022958456713,19.20270061728395,11.649333333333335,1.9187376082836516,0.5011858297078932
530330107012,8.44962626861474,2.777705553164511,0.2984938724689945,0.6235948721341477,25.741620111731844,19.270289855072463,2.4003455423577575,1.1434025995082011
530330035003,6.630850927836851,1.8345826819456827,0.698132215956724,0.35965933052790067,20.758378623188406,17.378472222222225,1.7526319513875754,0.7123272736689454
530330010001,8.072646302259171,2.3387571122861033,0.38132743959772186,0.5007539380247477,23.33182579564489,19.082666666666668,2.5896672402826226,1.2494625233064014
530330051003,7.516856140334356,3.4100515867814245,0.503450856744675,0.8005586569796509,22.467979797979797,15.030666666666669,2.236880887809104,0.5745978868862648
530330088001,6.954857616995792,3.030382348713215,0.6269384331781198,0.6943071715806576,21.51089443577743,14.562666666666667,1.8997974245880962,0.5022486016159106
530330093001,7.856635653570878,3.5370858512436913,0.42879132140985254,0.8361095469183809,21.631602655286866,16.190277777777776,2.773209029578465,0.5148345245494096
530330106003,7.833771739090079,2.613598332988982,0.4338151947293817,0.5776690130967688,23.571923536439666,17.28125,2.294369708026758,1.1590796561010979
530330095004,7.4597210444494255,2.5892178499186618,0.5160051148559053,0.5708460675398755,22.282650273224046,16.936,2.223298230241775,0.8905431945307646
530330067002,6.8893725527448435,3.0376936383052335,0.6413274245030425,0.6963532561759932,20.97021901709402,13.629333333333333,1.9613710837277494,0.6487855811062773
530330013001,8.077607097846352,3.352434833499969,0.38023740715314625,0.7844344493636467,24.110347826086958,15.149333333333331,2.411675358715919,1.1650789310130516
530330082003,5.702843680951071,2.885138621908187,0.9020426553469026,0.6536603132877893,16.96969945355191,10.255999999999998,1.7149643093663713,0.4075450590428838
530330049002,6.859958743393696,3.0749240966151588,0.6477905020372525,0.7067723028115391,20.736188992731048,14.058666666666666,1.9869543301018995,0.48124798011187075
530330106006,7.891015401049753,2.283085702220253,0.4212370814639186,0.48517414008312354,24.007041820418202,18.93958333333333,2.249360573251476,1.1571276154961674
530330058014,8.23110493850907,2.792299989351553,0.34650942470471724,0.6276791654293432,25.775482315112537,20.66736111111111,2.173866594457623,0.5819750880464056
530330054001,7.5394917326617525,3.5394366839772706,0.4984771525060222,0.83676743395484,22.57085889570552,14.90933333333333,2.2353398921709555,0.49636171535114976
530330094001,6.797478187753155,3.130439884459184,0.6615193146049987,0.7223085494443604,19.93757183908046,13.362,2.1121488055692477,0.5269683032939715
530330044003,7.491979522017356,3.2245493044909415,0.508916980192077,0.7486453306892386,22.34854497354497,15.628,2.2400714532342874,0.5948502175264139
530330099003,7.973018305595837,2.608050395921092,0.40321863564533655,0.5761164075779157,23.60691184141888,17.886666666666667,2.4253940228624007,1.1616012430080795
530330052003,6.965305834473956,3.0264979268708894,0.6246426530277318,0.6932201053944073,20.358188824662815,14.399333333333335,2.181131460678194,0.5549645742697327
530330007003,7.748640589347165,3.317103490510007,0.45252100786621097,0.7745468753981458,22.268259587020648,14.439855072463768,2.515599586397312,1.0381711568081715
530330097012,7.758994288669556,2.120016775406299,0.45024599612979677,0.43953885031205814,22.913718411552345,18.77536231884058,2.3742704619547537,1.2267673683357203
530330042004,8.29236423252472,3.3705074611518873,0.33304895917345945,0.7894921241514424,24.690291005291005,17.507638888888888,2.4901458462813344,0.8075616324839444
530330061001,7.3040259150226134,3.421259409946998,0.5502159061604688,0.8036951972626893,22.23635693215339,14.602666666666666,2.078482035966567,0.4511398384089496
530330110023,8.254245513337088,3.6043336695417683,0.3414247609838711,0.8549290346924434,23.64696524718551,15.552666666666669,2.697208680248492,0.9950351771286513
530330079001,6.868582065615642,3.6048467849029833,0.6458957049554614,0.8550726314441516,21.17848867825171,11.826666666666664,1.8916372262264887,0.48446861404599134
530330058012,8.645980398748367,2.232702370642573,0.2553491049189708,0.47107422551876066,28.001363073110287,24.36388888888889,2.0656600765674495,0.6877641392169048
530330021002,8.586037580166735,3.294008251391096,0.268520302144299,0.7680836089125204,24.764806320081544,17.826,2.766308094947571,1.1029193287756371
530330065001,7.607120497352096,3.74305509648199,0.48361712725330974,0.8937506093453218,23.11736526946108,14.601999999999999,2.1745396590287416,0.4325954008701056
530330002006,8.50597962461823,2.8968747911295223,0.28611138556240523,0.6569447126744912,24.292754919499107,17.714583333333334,2.797182218535941,1.4461777501553759
530330100024,7.01169282861067,3.2495342518549206,0.6144500684459314,0.7556374372490056,20.395604938271603,13.21,2.218725668116843,0.6578085767557489
530330111022,8.596808278903952,2.857986661353368,0.266153663392915,0.6460617620985404,25.897324723247234,18.436805555555555,2.5109369689408516,1.406172311995028
530330116004,7.7517853295137,1.5230248224925065,0.45183001611881024,0.2724690026439135,24.37353149327672,20.034057971014494,2.0240054285936724,1.5207568838327885
530330004013,7.874686960061052,1.9364167870757587,0.42482491936899536,0.3881578862428726,23.819868173258,20.058333333333334,2.2770179393454195,1.2245618396519578
530330033004,7.590948254226302,1.547597154164151,0.48717064390177534,0.27934563756201525,25.15441527446301,22.208000000000002,1.6796606647274948,0.8244711000621504
530330099004,9.50475033795408,3.963318986096474,0.06665213490482713,0.9553920675007869,29.5283768115942,18.374305555555555,2.5655817872294433,1.223469546302051
530330110012,7.9400854064132504,3.2083595479607943,0.4104549605396186,0.7441145825877368,23.214189189189188,15.752083333333337,2.484750946953791,1.0299862751191216
530330094005,7.3468806122886345,3.040058082767193,0.540799470913037,0.6970149524922522,21.678035982008996,15.630000000000003,2.252542156516521,0.6337725295214419
530330101003,7.751102552874927,2.3228127890464623,0.45198004219337473,0.49629187510779044,22.971383647798742,18.402,2.352827395642223,1.1038197638284648
530330032006,7.9124235696775065,1.1025312064083952,0.41653307825050234,0.15479270224871475,26.074325396825394,25.037500000000005,1.7849571014235401,0.9260798632691113
530330067004,6.818033872203116,2.670993082892985,0.6570026271952578,0.5937310924541395,20.593778110944527,14.961999999999998,1.9784960161311513,0.6309707893101305
530330086002,6.4203958191059725,3.568168518505186,0.7443753825238306,0.8448081172410656,19.81519023282226,9.910666666666668,1.763826114392742,0.5232206339341207
530330053012,7.147387257987113,3.5846769120165316,0.5846340181836045,0.8494280367822333,20.458227848101266,12.738666666666665,2.339703713683316,0.5691236793039155
530330043013,8.174426541835894,2.876127014178965,0.35896333258996527,0.6511383899633326,24.121162790697678,18.956000000000003,2.505953286021941,0.8436395276569297
530330081002,5.257034599299214,2.767955113075887,1.0,0.6208661845323249,15.205689102564103,8.877333333333333,1.6836976601966502,0.40290615288999376
530330114013,8.02623414986981,2.4356406501978256,0.39152555218630125,0.5278670638239487,23.663643790849676,18.361805555555556,2.465277859020136,1.2755691941164284
530330079002,6.661395207401913,3.628578849415585,0.6914207409247461,0.8617141152759169,20.447419354838708,10.847999999999999,1.856251659014816,0.48353635798632694
530330093003,6.948040513468126,2.7878983918950295,0.6284363509803348,0.6264473662183678,19.483130699088147,14.781944444444443,2.3695047991824105,0.6863851771286514
530330118004,8.289256040478483,2.434174399017257,0.3337319202257404,0.5274567293794303,24.504830454254638,18.961111111111112,2.5306208837286426,1.3992205303501137
530330066001,7.084709219005934,3.147383318860916,0.5984062236396033,0.7270502163808348,21.543862134088762,15.229333333333335,2.021901617495075,0.3584325668116843
530330018002,7.270883105692821,2.7389300064593423,0.5574983544772703,0.6127434282417086,21.17067610062893,14.804666666666668,2.295774222045022,1.0528564325668117
530330121001,8.775405678628347,1.0398772390638584,0.22691057086970834,0.13725881635801462,28.583795227097767,28.103703703703708,2.058213800260371,1.1311580691941165
530330080014,6.764775615685848,2.7610343208857646,0.6687050298694123,0.6189293817139566,20.984794372294374,14.467333333333334,1.8333489381966697,0.6039179614667495
530330111013,8.12213352457508,2.5082284636331558,0.3704536438590573,0.5481809639929774,23.958842350203607,17.98472222222222,2.491805572277232,1.3874953387197018
530330059003,7.917562906248272,2.6904951892397757,0.4154038151096857,0.5991888108047196,24.26908602150537,19.91266666666667,2.2143276911945087,0.5475910503418272
530330065002,6.488369016407643,3.5500521508596834,0.7294396753135131,0.8397382016952002,19.332891315652628,10.624666666666666,1.9451395572292751,0.44152019888129274
530330064001,7.2367880974885805,3.0093119280251455,0.5649900288443285,0.6884105561280071,21.705704365079363,15.592666666666668,2.1359475716949303,0.5631995027967682
530330003002,8.447216716003789,4.079141025368683,0.2990233219245688,0.9878051852377626,25.241522157996144,14.112318840579713,2.515459008874695,1.0516807630988732
530330073002,5.712590046286884,2.771075542454276,0.8999010927192916,0.6217394453164311,16.591640706126686,10.424666666666667,1.813554480347113,0.4917178371659416
530330109002,8.120398127287482,2.810008647106554,0.370834961596196,0.6326349822357425,23.51597222222222,18.23194444444444,2.594144655065258,1.0258825357364822
530330080015,6.81551227519493,2.7877704417580134,0.6575566960946437,0.6264115590189641,21.152996845425868,14.614,1.8445580165198519,0.5934518334369173
530330096003,7.65307837712342,2.422187996024348,0.4735188316968255,0.5241023013802919,23.532213170400542,17.440579710144927,2.123008282079292,1.1323541492150133
530330120002,7.6099583230750145,1.126114300858711,0.482993573620496,0.161392496396906,24.546900161030596,22.155555555555555,1.841436785232824,1.2772884666607476
530330100022,6.735194340438721,3.00197961079298,0.6752049045779402,0.6863585868894715,18.73055979643766,12.3,2.3335127882758724,0.8427147296457426
530330027004,7.406692014039053,3.0425623475795547,0.5276571498240601,0.6977157779199317,21.78975934459805,14.753333333333332,2.2860985680585113,0.8970963331261653
530330016003,7.201805721011889,1.4905977896295357,0.5726766840748914,0.26339420789282114,23.192803877703206,20.78333333333334,1.7514968097516346,0.8271245980490178
530330053022,6.942654915061114,3.1675249751398393,0.629619725077076,0.7326869145471663,19.90186274509804,13.40933333333333,2.2657171699630756,0.6239366065879429
530330030001,8.125822511781193,3.3305195199298003,0.3696430650574073,0.7783013883032802,25.479693486590033,16.96388888888889,2.1380945424325337,0.8087891029625025
530330007002,7.890983926161154,2.4016330394820584,0.4212439974210789,0.5183499399932004,22.58476959904249,18.020666666666667,2.5835630703861696,1.25449422001243
530330048004,8.113817073966477,3.635990057185867,0.3722810122373301,0.8637881622495397,25.230071271929823,16.658,2.1847503250629683,0.5631970167806091
530330002005,8.072316093496006,2.3991502389279526,0.3813999961582589,0.5176551213975054,22.547554806070824,18.764,2.7736407140693635,1.2636258545680548
530330014003,7.781277410450938,2.725186571780777,0.44534974001900174,0.6088972900702003,23.733870967741936,16.9768115942029,2.203817733031584,1.0665401140324804
530330110022,8.595463327418738,3.669415705707531,0.2664491887233784,0.873142422352154,25.913378302417087,16.739333333333335,2.5058194263507234,0.9923042883778744
530330118005,8.344040602695673,2.3228997478686564,0.32169414337540425,0.49631621077447147,24.619606003752345,19.306250000000002,2.558433191813871,1.484172104827015
530330101005,7.805672747474274,2.566018836746423,0.4399893682027328,0.5643537595986713,23.875214408233276,18.288194444444446,2.194997361539454,0.9419282162834058
530330100023,7.397095907865264,3.0552103992677897,0.5297656961020106,0.7012553701347657,21.48997395833333,14.763333333333335,2.34695202765693,0.8725021752641392
530330080013,6.972314282808594,2.6110865202231386,0.6231026911533442,0.5769660753534506,21.801133966244727,15.978,1.8490478007410847,0.6063977625854569
530330006002,8.162414658811024,2.7345170681750175,0.36160269597179695,0.6115084552687353,23.66784511784512,18.21933333333333,2.6004710561174202,1.1463542573026726
530330120003,8.000524262644172,0.5494092702717209,0.3971747692785649,0.0,26.00011520737327,25.99545454545454,1.8904971889114515,1.3421831741906323
530330082001,5.521942203415431,2.7503302291042653,0.9417920214153392,0.6159338120506932,16.52469342251951,10.066666666666666,1.6386392491233468,0.4059453076444997
530330043011,8.673651515027993,3.6438839119619066,0.24926894821983925,0.8659972793214038,25.318389917695473,17.889333333333333,2.723829884369557,0.8257742697327533
530330111012,7.738318493284304,2.005717430512396,0.45478907543860214,0.40755186280445505,22.163527777777777,18.433999999999997,2.529889465506526,1.400611062771908
530330012003,7.7541649917873965,2.8359368459411147,0.4513071344479418,0.6398910603260027,23.112274578243163,16.37466666666667,2.3227804659002538,1.0701814791796147
530330095001,8.32421949144886,2.838590829322624,0.3260494234845872,0.6406337849089697,26.098003194888175,20.429861111111112,2.191188740650137,0.6846113010151232
530330091001,6.03514121480882,2.9787468290619787,0.8290271305602237,0.6798568287237862,17.84468781470292,11.326666666666668,1.841639578353634,0.394627719080174
530330092002,5.957942263929503,2.858359703332859,0.8459900067091853,0.6461661589273138,17.74321556579621,11.515999999999998,1.7882866059673936,0.3933225605966439
530330022004,7.341741449080377,1.1824690389057264,0.5419286959610204,0.17716352556227344,21.327697495183045,19.14710144927536,2.3297325377123626,1.6597035695949418
530330074021,5.72678473837759,2.899020555655402,0.8967821020961717,0.6575452108063683,16.54776521270867,9.517999999999999,1.8380599133910527,0.5910341827221878
530330042003,8.451181441505241,3.274161501583964,0.29815215532347206,0.7625294411372234,24.659033280507128,17.463333333333335,2.6563086205860653,1.0731366065879429
530330017013,7.726632849874197,3.106433183069421,0.4573567543983388,0.7155902077236278,23.73124263839812,15.463888888888889,2.149790829850642,0.9861857779158898
530330041001,8.922312447393656,2.5700781986366676,0.19463084043780532,0.5654897832407371,26.017950733752624,21.618749999999995,2.808094024961792,1.2718279987569918
530330057006,8.800504345552184,2.4852442145859697,0.22139565682380846,0.5417487583856188,28.295326797385616,23.81159420289855,2.1511025481665635,0.7195354932850542
530330026004,7.797099791965842,4.08485087131119,0.4418730982387463,0.9894031014025738,22.899232081911265,12.665333333333333,2.4157802527166936,0.7358955873213177
530330265001,8.027759735536064,2.7147808419033255,0.3911903362226574,0.6059852178102368,24.19556333917104,18.2268115942029,2.341802350830867,1.0296781689950547
530330119001,8.669503814649715,2.8307781346947003,0.2501803197737055,0.6384473807288226,24.774361430395913,18.514285714285716,2.847528878506676,1.487868537097872
530330101002,7.8647398698050655,2.2656857687416028,0.427010587155059,0.48030472061854707,23.739845094664368,19.57361111111111,2.2858762725589385,0.9992554899523514
530330053011,7.437562447361317,3.338155420222308,0.5208740092354147,0.7804383161001321,21.68992557150452,14.802666666666667,2.3404299380577553,0.6207803604723431
530330036001,7.615540445380562,4.0652941060393575,0.48176701745310213,0.9839300866007838,22.168229166666666,12.663999999999998,2.4060065912138957,0.5742063393412057
530330015002,7.521656952901549,0.9753636547867768,0.5023959772668571,0.11920451153013285,23.956826434277414,23.88939393939394,1.891802740846356,0.9322857223571954
530330006006,8.103667448874393,2.736685700376361,0.3745111828735159,0.6121153529827804,23.624732996065205,17.753333333333334,2.55185519479907,1.1949484151646985
530330056002,9.373925226270929,2.530979242976204,0.0953982531017511,0.5545478324584951,29.811269517990496,25.00075757575758,2.368276889543163,0.9677679529916944
530330096002,7.322367715209298,2.651953094326763,0.5461856741252937,0.5884026990414041,22.08781431334623,15.308333333333332,2.1317313515729346,1.0729562875492025
530330012005,8.051083634417513,3.512793095780678,0.38606539082468927,0.8293111521748069,23.54711111111111,13.880666666666666,2.5175125233064013,1.2763338719701678
530330112001,8.296801489956572,2.930226364529849,0.3320739634332296,0.6662782426497105,25.29207696661007,17.96811594202899,2.353163402803205,1.1440678790499095
530330064002,6.627574938927256,3.3365704060911257,0.6988520469065733,0.7799947455157112,19.759808488612833,12.037333333333331,1.9840199441032393,0.46223119950279673
530330096005,7.353024130089377,3.207063968005069,0.5394495596721984,0.7437520109571001,22.502719665271968,14.781746031746035,2.064885008750465,0.6722498446239901
530330110021,8.460180704242699,3.876329378367414,0.29617475307242214,0.9310477854027258,23.783573833573833,14.803333333333335,2.8710408533528486,1.1050679925419515
530330043021,7.503287797572361,3.2570284294348024,0.5064322200300153,0.7577347035531121,22.87875399361022,15.559333333333331,2.1267806090739594,0.5898160348042262
530330022002,8.636155297517714,2.8699978606176395,0.25750796813444543,0.6494231294027382,25.120910973084886,18.936805555555555,2.7327412188427673,1.3160081313445204
530330078001,7.7135484084435975,2.273347921598767,0.4602317903533296,0.4824489952681608,24.062926208651398,20.203333333333333,2.05876074941052,0.6924171535114979
530330072002,6.296181229984304,2.8096855266488996,0.7716689748222401,0.6325445560828015,18.76375062845651,12.274666666666667,1.8866998322970248,0.6019490366687383
530330021003,8.704657053764294,3.542792102448778,0.24245612100489577,0.8377064570859919,24.763836967808928,17.762666666666664,2.885155366329196,0.9876382846488503
530330042005,8.14062730100494,2.94974464511101,0.3663900181810774,0.6717404874044727,23.584613415258577,18.297333333333334,2.5982431484191744,0.8910093225605966
530330114012,8.124447254282545,2.6224159999665444,0.369945249508838,0.5801366615659643,24.53157564344005,18.325694444444448,2.359526978074134,1.1954930598715559
530330090001,6.970514456180739,3.443565885640029,0.623498165908249,0.8099377261240222,21.436163032191068,13.15,1.9330161436158368,0.4366985705407086
530330083001,5.657136735254689,3.1420968077634925,0.9120858133194389,0.7255707716422052,16.940413223140496,8.967333333333334,1.6761396278166718,0.40771659415786204
530330103004,7.386065219013547,2.032818355537267,0.5321894623151281,0.41513613155962337,21.798799313893653,17.59133333333333,2.2633473802485375,1.219283530142946
530330040001,8.938233257431952,1.4100357092203522,0.19113257102099768,0.24084868707617002,27.097448320413438,26.637681159420293,2.5703329021347945,1.2683424757478314
530330020002,7.840236889471306,3.593864036767764,0.4323946113671465,0.8519990790302991,22.803869499241273,14.208,2.481327557149607,0.9074928527035426
530330075004,6.070710456476631,3.325590176799812,0.821211523816205,0.7769218980072861,18.100185185185182,9.622000000000002,1.8171669379581126,0.4839502796768179
530330029001,8.005927579631791,3.44937581999848,0.39598750188942833,0.811563652308606,24.572124927028604,15.743749999999999,2.2314782217800704,0.8567705096333126
530330017012,7.813028919095116,3.594400910842922,0.4383730013128523,0.8521493247237558,24.267812887236676,14.090277777777779,2.1100928905944953,0.9074127304744147
530330114021,7.623043536139706,1.8145345221731295,0.4801183681148392,0.3540487976172321,23.029150702426566,19.01597222222222,2.211193121069463,1.3397555417443547
530330070003,7.115734238443239,2.9881667141009984,0.5915891159426757,0.6824930095815669,22.41448275862069,14.818666666666665,1.8483307901673776,0.645180857675575
530330118001,8.01501439472412,2.4464571152347414,0.39399086181538556,0.5308940814532571,25.11904214559387,18.667460317460318,2.112039490509562,1.1817041048862056
530330115003,7.796913056569074,3.013993485234222,0.4419141294881599,0.6897207028493365,22.72438625204583,14.431944444444445,2.456682287338305,1.3914126268904081
530330071002,6.975332205370718,3.0463439600837905,0.6224395649571284,0.6987740726288284,21.72293399889074,14.174666666666669,1.8704427156313952,0.5979415786202611
530330028002,7.570427370216167,3.1525801544679437,0.49167968463310996,0.7285045651856802,22.727583586626135,15.249305555555557,2.2294452273590237,0.8342604101926662
530330032003,7.367526711531002,1.4427672501678366,0.5362629167187327,0.25000869925614916,22.997462406015035,21.669333333333334,1.963123046117469,0.8324661280298322
530330098004,7.724997008622222,3.305248916294345,0.4577161967513831,0.7712293400465975,23.076961651917404,14.997222222222222,2.301911020421633,0.8954008701056556
530330058021,8.572025530529464,2.2467723776912645,0.27159916085782865,0.4750117558704538,27.455653710247354,24.085416666666664,2.1199469086213374,0.6651802361715351
530330094003,7.316092870834969,3.0786584250094027,0.5475644416702329,0.7078173649315963,22.3484230560087,15.099333333333334,2.0642134526729237,0.6890911124922313
530330031005,7.4577866190319275,0.7362453534135889,0.5164301649168539,0.052286594144313685,23.994854586129755,27.390909090909087,1.8189957912914352,1.0827504378778463
530330048003,7.457775781141009,3.4093559249501384,0.5164325463197004,0.8003639740938695,22.85160705028512,15.373611111111112,2.087648124324006,0.4356212450797597
530330087003,6.786959570927176,3.651529730446546,0.6638305635590991,0.8681369827517303,20.963074014046462,11.205333333333336,1.8606371776262576,0.5021765071472964
530330072003,6.291971966480917,2.8184088403155974,0.7725938736022497,0.6349857995172286,18.911479198767335,12.218,1.847774354770594,0.6023331261653201
530330031003,7.140454361246189,1.4993592125806212,0.5861573791545803,0.26584611631579014,22.791323210412145,20.815942028985507,1.784493406799335,0.7493487718539736
530330019001,7.423553068697251,2.7565457018026986,0.5239522810577086,0.6176732292603297,21.624119241192414,15.381333333333334,2.341885047017033,1.052394033561218
530330061003,7.127467236275999,3.3591672963547237,0.5890110318259074,0.786318547697109,21.409372049102927,14.231333333333332,2.0962648047368115,0.42393660658794274
530330108003,8.332032301255357,2.821441795765404,0.3243327197779503,0.6358345804807077,25.09861563517915,19.879333333333335,2.433857626988256,0.838947172156619
530330094002,7.089831890013161,3.1738188280699235,0.5972806224124143,0.7344482666812154,19.80081534772182,14.036666666666665,2.436640283298532,0.6173963952765693
530330260011,8.713417639243254,1.765672840250747,0.24053116315534806,0.3403747209136211,25.672112573099415,22.249999999999996,2.680471184564893,1.7189947989925094
530330098002,7.66369364907844,3.320172665030377,0.4711863447729807,0.7754057923686049,23.135450695704776,13.875333333333334,2.2268627355878174,1.0828176507147296
530330051002,7.345387291848339,3.5433911534601066,0.5411275972591973,0.8378741031668472,21.98312661498708,13.754666666666667,2.1793525373263765,0.5696494717215662
530330106005,8.554190025936668,1.951456202305704,0.27551814488566584,0.3923667081528185,27.25612009237875,22.84603174603175,2.149001804227663,1.2339163633135044
530330111021,7.945313536866891,1.3768361316912934,0.40930618677565445,0.23155769356552958,24.16418439716312,22.492753623188403,2.266730203533557,1.282680303726322
530330052005,6.760646550760106,3.255172376324639,0.6696123066672004,0.7572152819614717,20.171107266435985,12.538666666666668,2.0204363431476495,0.5588875077688005
530330042001,8.54061675540635,2.8250200165761594,0.2785005909463909,0.6368359554621595,25.16464566929134,19.686111111111114,2.6269250231228867,1.0893606277190802
530330117002,8.352094139241155,2.883834582383402,0.31992454493622713,0.6532953742233752,24.580239687848387,18.017460317460316,2.575737812596785,1.2341563822545798
530330001005,7.9351385603333675,2.866798123208861,0.41154192786786903,0.6485276740471785,22.308506944444446,16.41533333333333,2.6926394283889237,1.2107371037911747
530330112003,8.093078121403332,2.6331159705677556,0.37683796903247824,0.5831310779055362,24.636226851851852,18.713194444444444,2.303564811218148,1.0623614563911332
530330006003,7.6323653666030316,2.769141849580727,0.4780700882634952,0.6211982960224683,21.722095548317046,16.155555555555555,2.527672912748526,1.0666679614667496
530330057005,9.047738431495583,2.0788730863882003,0.1670710690944276,0.428024675249548,29.325911708253358,26.215277777777775,2.1561491800560426,0.8082750673296042
530330105003,8.03208716800932,1.9620181983249063,0.39023947225040456,0.39532251192435525,24.900665399239543,20.97222222222222,2.1804307991880276,1.1415967474621918
530330116003,8.067143837746357,0.772161950149802,0.3825364926092173,0.0623379529879124,25.771885873347248,25.62857142857143,2.010750657509754,1.2722676018822692
530330121002,7.673375627889355,0.7792451402911867,0.4690589297553446,0.06432020332168956,24.080936073059362,24.063636363636363,2.0143556507204057,1.239175942143624
530330001003,8.062462212941439,2.5015889707620307,0.38356518303618803,0.5463228835663343,23.202935943060496,18.15866666666667,2.6097722663222225,1.293586575512741
530330079005,6.497278679176586,3.5915973450145815,0.7274819608062932,0.8513647390797077,19.841971207087486,10.306666666666665,1.8344154455110273,0.48361466749533877
530330093002,7.144527733661497,3.1999884090292197,0.5852623396365241,0.7417718962260849,21.454480551452484,14.589333333333334,2.1027248040701627,0.5160459912989436
530330014001,7.866258193634903,3.0559757675248282,0.42667696683009093,0.7014695605564111,23.455855855855855,16.165277777777774,2.3541320675087767,1.0114421483322975
530330041005,8.942280100713115,3.3436014638786418,0.1902433607326358,0.781962406466203,26.40398386283409,18.99066666666667,2.737343892947105,1.1358719701678062
530330004012,7.932100655880488,2.2097935616708333,0.412209444672173,0.4646631320249764,23.675349872773534,19.04375,2.3683934357787066,1.247025844209654
530330031001,7.229082365629016,1.5643425213653175,0.5666832043821053,0.2840318748450998,22.88280028429282,20.5963768115942,1.8516242988202023,0.8245912935390602
530330028004,7.531098929943249,3.1151211984329947,0.5003212976846168,0.7180215728303873,22.485655737704917,14.958,2.246969831582594,0.9008477315102548
530330113002,7.869089779131937,2.2561810366417783,0.4260547843581234,0.4776447950763455,23.59880136986301,18.816666666666666,2.3233714572141295,1.1909920758234926
530330058011,8.327473713418513,1.356806992888164,0.32533437537054277,0.22595248372571428,26.359359190556493,25.64133333333333,2.1330243036377374,0.9449533871970169
530330019003,7.505017000407216,2.8863702819485466,0.50605226339602,0.6540049967534833,22.124358974358973,15.517999999999999,2.3057926414328573,0.9719167184586699
530330022003,9.02433050465377,2.623532197820679,0.17221447790243527,0.5804490326197911,26.45546403075233,20.654861111111114,2.8072964574269736,1.5469059457219807
530330017021,7.830086330326395,3.2444602815383283,0.43462498724216336,0.7542174726351975,24.041364734299517,15.320833333333333,2.1803656177660087,0.9852302154547338
530330074022,5.785171296477321,3.0178500886878026,0.8839528609921291,0.6907999839826271,16.93970750551876,9.459333333333333,1.804340032680411,0.544377874456184
530330002003,8.757432975033984,3.437347160188143,0.23085970154649404,0.8081973986223437,25.006913996627315,17.04565217391304,2.880808185826564,1.314357553976275
530330070005,6.81235216844443,2.754494606811946,0.6582510643317203,0.6170992246594545,21.21216141514649,14.476666666666665,1.8274942358850041,0.6558408949658172
530330032004,7.532000399730682,1.5762653287756367,0.5001232183042355,0.28736850544471915,23.84176666666667,22.070833333333336,1.929185233064015,0.7690892376217112
530330264005,8.428943666702853,3.1833420575478275,0.30303844737154806,0.7371133687657856,25.623256557901474,17.75,2.4074783755960056,1.0743516091550247
530330076003,6.467300329495792,3.542535494194363,0.7340690844264124,0.837634644556918,19.195238095238096,10.388,1.9564193771148404,0.4835848353014295
530330070001,6.916831718177958,2.713414738687593,0.6352938396279848,0.605602910050413,21.315372424722664,15.008,1.9077191983681334,0.6765369794903667
530330097025,7.755684591952552,2.399876127788114,0.4509732336746297,0.5178582634008427,23.723056118999324,17.82753623188406,2.180766403987711,1.1663374496716838
530330038002,7.969711202556447,3.1973359798508327,0.4039453032830447,0.7410296065911564,22.734720158494305,16.693333333333335,2.6270519653102857,0.8494418893722809
530330026002,7.810448452507169,4.00852878604767,0.4389400055873832,0.9680441549436544,23.00764705882353,13.067333333333334,2.403651393683639,0.7310963331261653
530330117004,8.881150166860694,2.342795534065998,0.20367540203788426,0.5018841015190688,23.859829763866003,19.395833333333332,3.2740901723521834,1.980333799461363
530330088002,6.972282648000894,3.320863047835158,0.6231096422494266,0.7755989979042315,21.29683281412253,13.044666666666666,1.9675269366820978,0.5859229334990678
530330097024,7.951627804976523,3.104788303686432,0.4079187566785477,0.7151298836830656,24.725323790047717,16.357575757575756,2.1411767143153098,1.0028091982597886
530330006001,8.27842709524006,3.684562981693976,0.33611135744361664,0.8773814293928539,24.315297202797204,14.56304347826087,2.564332252582719,1.1715488961547815
530330087001,6.6843854713107,3.6310495090152792,0.6863691049261387,0.8624055361919714,21.072250139586824,10.935333333333332,1.7324066885077969,0.48353262896208826
530330114011,8.273164318449659,2.5382861181354555,0.33726774402501924,0.5565926816626227,24.67850082372323,19.57847222222222,2.4737166248747013,1.1339372280919826
530330050001,7.65196830542241,3.9207600642788423,0.47376274704238686,0.9434818356286682,23.226407914764078,13.443999999999999,2.1937624454528515,0.5718682411435674
530330032001,7.437381969477246,1.433443491903185,0.5209136655255617,0.24739941974179885,23.706388888888892,22.31458333333333,1.8663805805883575,0.7600113942407293
530330107023,7.753256511987393,3.1575046431592746,0.45150675413390584,0.729882696953602,23.047644603458558,14.465277777777779,2.3370600301746327,1.1964115910503417
530330031004,7.584206044434229,1.5395236983015146,0.4886521053513234,0.27708625862978215,24.730517503805178,22.17753623188406,1.7725344310400117,0.8329613316399601
530330031002,7.113026459023413,1.1636297818182,0.5921840945844066,0.1718913074085246,22.801744617668895,21.766666666666666,1.7546164738712229,0.8342300105385468
530330007004,8.183745192634975,2.7594332970476536,0.35691575140421394,0.6184813307688127,24.31672587329781,18.176,2.4693146124099896,1.1529518955873213
530330011002,8.144169324891235,2.4649096356432576,0.36561173153578586,0.5360580702787301,23.447916666666668,19.016,2.63390890822457,1.21049968924798
530330098003,7.917233871725618,3.1803920942240653,0.4154761136551055,0.736287813378109,23.305002810567736,15.308,2.4405582112422013,1.1394617775015539
530330075003,6.180293591661611,3.286543825761467,0.7971328915422558,0.7659946687739044,18.11232254400909,9.389333333333333,1.9238977938194761,0.6872564325668117
530330001001,8.108412933820883,2.1246915618507147,0.3734684604984423,0.440847102216188,24.573430420711972,19.179166666666664,2.3336567849535683,1.4766172053035012
530330113004,7.953823942178647,2.5682683348310853,0.40743620085438903,0.5649832878536168,23.425306577480487,17.505555555555556,2.44887689647073,1.2717500517920033
530330012001,7.744089741416651,2.6312706943895137,0.4535209627741311,0.5826146722680735,22.31118077324974,17.198666666666668,2.5009622597029644,1.0711323803604724
530330027001,7.645736392025829,3.798490711478907,0.47513208139101704,0.9092644193853413,22.033547695605574,13.22,2.4678526835585206,0.7405456805469235
530330004023,7.773591465428462,2.6267595014756955,0.44703856780770856,0.5813522024655332,22.91441223832528,17.362000000000002,2.388704589422021,1.0667619639527657
530330004022,8.146644274246947,2.8768724698135504,0.3650679124952717,0.6513470077825606,24.627108433734936,17.883333333333336,2.359273792319237,1.067188471100062
530330096004,7.419127098102475,2.292750563482899,0.5249247967484398,0.48787887821401954,22.74861111111111,17.492028985507247,2.073203486991365,1.0157497230253738
530330120001,7.807077396847063,2.5649875290893127,0.4396807254935775,0.5640651453010557,23.757498295841852,16.24722222222222,2.2240652973242283,1.4239926455355292
530330105002,7.801495523328584,3.3257682859140423,0.4409072269951477,0.7769717423350655,23.493405928614642,15.174999999999999,2.2805451301041444,0.9096022374145433
530330074011,6.376716250099349,3.3267423408389396,0.7539730663117574,0.7772443342973671,18.8729821802935,10.748000000000001,1.941565437730377,0.5241939092604102
530330035002,7.849596943885296,3.0288846277469093,0.43033793259154685,0.6938880302296414,23.847935323383084,17.096666666666664,2.2453321428902724,0.8029956494717214
530330118002,8.136270854030517,2.6376384006904026,0.36734725749113206,0.5843966924720185,23.325536616161617,17.31287878787879,2.654769749232537,1.4301059381885983
530330047002,7.706974695076717,3.0518418154413323,0.46167622819103404,0.7003126626426517,23.82299229922992,17.311333333333334,2.1085715047576854,0.5869695463020509
530330097022,7.720903836509975,2.1725294903840178,0.45861558684419634,0.4542346787049663,23.836806883365202,19.135416666666668,2.119254218919153,1.0515514294592914
530330069003,7.3601120105081135,2.792381505018161,0.5378921442367266,0.6277019778138926,22.7702324352879,16.403333333333332,2.009107388215456,0.7129471721566191
530330095003,8.012818138919753,3.149637099972167,0.39447344369993953,0.7276809432526061,24.597643097643093,17.608333333333334,2.2323720109736267,0.7252227056142532
530330058013,8.678328257906376,2.180406483253382,0.24824133049546682,0.45643907692565344,27.78159658744668,24.67291666666667,2.1496530598564063,0.6997863579863269
530330049001,7.425742282916552,3.2523480691191637,0.523471246416142,0.7564248917857185,22.192402315484806,15.246000000000002,2.2105277387776248,0.5905842137973897
530330046002,7.371515271296764,3.3907006017297467,0.5353865130299686,0.7951432303410959,21.872255046774992,14.111333333333334,2.2315353353046428,0.6646513362336856
530330054003,7.290716391605752,3.199162720588557,0.5531403992364805,0.7415408250343719,21.98844410876133,15.372666666666667,2.12343202604684,0.47897700435052826
530330056003,8.641187233137895,2.2801693378748373,0.25640230413587484,0.48435798746238,27.301317401960787,23.17173913043478,2.22537764367711,0.9156591996108846
530330101001,7.931959376489742,1.5400357826426312,0.4122404879024285,0.27722956684766686,23.62208798017348,21.004166666666666,2.3807687011489738,1.4559444271804434
530330005001,7.563974988002612,1.5283516841907205,0.49309746245402086,0.27395973960967357,23.652911392405063,22.22083333333333,2.005540810787422,0.8137274704785582
530330077001,7.220605687075854,2.2543379700673607,0.5685457795442552,0.4771290078026188,21.983838383838382,18.472666666666665,2.0544036668738346,0.6251910503418272
530330014004,7.054289262184453,0.9196747478132988,0.6050903813145725,0.10361981703056067,22.38968646864686,21.46666666666666,1.7927129420524404,1.0899478477044884
530330101004,7.676105034348989,2.6755000066402674,0.4684591990179757,0.5949923675186279,23.252273943285182,17.885416666666668,2.2118206576769714,0.797532111042055
530330057004,8.558073488496367,1.7465266577353695,0.27466483413883613,0.3350166088307727,26.927102803738318,24.779861111111114,2.2302043296178624,0.988279469649886
530330086001,6.562027228735162,3.450544005200877,0.7132548033841152,0.8118905721654986,20.663522012578618,11.482666666666667,1.7060995557791883,0.41305655686761966
530330088003,6.6905663071587265,3.1326933612295784,0.6850109938146154,0.7229391911455022,20.46078892371996,12.918,1.8822809100845361,0.5221429459291486
530330111014,8.065749141323666,2.5710847556631458,0.38284294836300714,0.5657714710059778,24.02257872846108,17.467361111111114,2.420443140135313,1.3898345245494095
530330041004,8.933526616727436,3.6387089655811065,0.19216675817560247,0.8645490562770038,26.34882593159775,18.12986111111111,2.741552522801965,1.0343002900352187
530330116001,7.915693407690773,3.1796806781170885,0.41581459883317307,0.7360887216147425,23.700091240875913,14.477536231884056,2.3461719660849325,1.3337917150809306
530330069002,7.565114553168639,3.655016392216358,0.49284706652823673,0.8691127346825724,23.881141090500282,14.728472222222223,1.953046396901074,0.44890718873006014
530330089001,7.50342078473117,2.410809967108076,0.506402998846585,0.5209181285475974,23.69610927152318,18.98888888888889,1.9348351059232214,0.6302219287342035
530330089004,7.122525044167491,3.048573366106585,0.5900969765400014,0.6993979780647406,21.300610948191597,14.51,2.116881471342467,0.6641016780609074
530330020001,7.7875934581841975,3.3389692050248856,0.44396191888633263,0.780666056025834,21.95993265993266,15.099333333333334,2.6270092831000227,0.9002809198259789
530330097023,7.995629870948289,2.124998258835866,0.39825021083853585,0.4409329322149667,24.671827565270185,20.130555555555556,2.197750393109796,1.1399510565568678
530330016002,7.352768130917716,1.3807701434069877,0.5395058102066119,0.232658637614872,24.05343364197531,21.714285714285715,1.7002112250535182,0.8691408446535854
530330098005,7.18865400532019,2.3617843183165297,0.5755665021602873,0.5071981652625674,21.08761574074074,16.184722222222224,2.2330643062461157,1.0234599647814377
530330053014,6.924949470081756,3.357656988208958,0.6335101311891564,0.7858958837891393,20.617267502612332,12.831333333333335,2.0798916069678595,0.5519291485394655
530330115002,7.595784662918288,2.7674160268606958,0.4861079429102013,0.6207153197653671,22.228344867358707,14.606249999999998,2.3721236190889914,1.3958998860575926
530330103005,7.6210527268080135,1.911681081893989,0.48055580737722625,0.38123553079651845,23.101757469244287,19.260666666666665,2.1921397215356064,1.1831149782473585
530330060001,6.987727503682634,2.585661493738569,0.6197159539792647,0.5698508114357325,21.156799591002045,16.454,2.0158795997971533,0.5353760099440646
530330015001,7.3856365002546545,0.6540079853708121,0.5322836644140816,0.029272239454142705,24.412287756925824,27.449206349206353,1.6487488773770864,0.9947408920062744
530330017011,7.550219891396439,2.936733748864846,0.4961198610422125,0.6680993521374676,23.278375149342892,15.471333333333332,2.079801731300859,0.9777228091982599
530330012004,8.001806173681183,3.151627356610538,0.396893095785504,0.728237922072455,24.383363255535606,16.136666666666667,2.2717158086303146,1.0580621504039776
530330036002,7.731504854356494,4.122716849384462,0.4562862319665044,1.0,23.05164899882214,12.26,2.3143673396332907,0.7276880049720323
530330104024,8.123688655006253,3.56135861771601,0.3701119360430961,0.8429023476876742,23.860302556077205,15.602,2.5165175543281095,0.8958600372902424
530330044001,7.821015744686006,3.4610829147709463,0.4366180612291013,0.8148399151304516,22.991693376068376,15.999333333333333,2.4179678013099393,0.6000894965817277
530330108002,7.731891774863399,2.018650239748422,0.45620121417075243,0.41117114520589815,22.372473958333337,19.561999999999998,2.4743603946550654,1.1161715351149784
530330102002,8.487806553814616,0.7879578873413708,0.2901045427980513,0.06675848965928703,25.559614035087716,25.91014492753623,2.4812972555690034,1.6933393682276325
530330105001,7.236334541364996,2.2544054901944945,0.5650896884415553,0.477147903496773,20.89134199134199,17.007333333333335,2.326869173399627,0.985205717837166
530330066002,6.890471128877613,3.4383621957928816,0.6410860350713453,0.8084814591411392,20.713421181063932,13.089333333333332,2.022817151327589,0.3761155997513984
530330108001,8.819278143142157,2.9912335614864345,0.21727050227524192,0.6833512752968842,26.939741474147414,20.557971014492754,2.4884388967175153,0.9969213932499257
530330119005,8.790462810104621,2.871650921014841,0.22360207699146972,0.6498857429227342,24.64725378787879,16.84318181818182,2.998358169953105,1.960664161817052
